Id,Feature Vector
"session: bf0zq86wrpemmoc7ibhh6ano14n29g51fyj1gj, timestamp: 1599911730165 at line: 29",dddddddmdddd
"session: 1ho4hhc16iancx1kn347n2fburd1sy2cjfz2o557, timestamp: 1599953869111 at line: 21",dddddddddddd
"session: ntmt6c1rtn2g1vb7qgfyp5xlsmygw3w1bqk810, timestamp: 1599976013138 at line: 24",dddddddddddd
"session: yeoffw16f3arz1ozxnd511t1mpbwqh74b3t9zkw, timestamp: 1599874838799 at line: 23",dddddddddddd
"session: 16s04hw1e5m4zh1w210ns2ogvfn1upkq6e9mi9j1, timestamp: 1599980079450 at line: 35",dddddddddddd
"session: 1sms2tcrms4o6hm30pr1wln5gk1gapfb3fwt20j, timestamp: 1599865381926 at line: 11",ddddddmddddd
"session: 1w6mzru1xdsnql1m7nhhfopxuhgoppexoydp490, timestamp: 1599891974017 at line: 10",ddddddmddddd
"session: 1w6mzru1xdsnql1m7nhhfopxuhgoppexoydp490, timestamp: 1599892106562 at line: 10",ddddddmddddd
"session: 1w6mzru1xdsnql1m7nhhfopxuhgoppexoydp490, timestamp: 1599919710069 at line: 23",dmdddddddddd
"session: 1w6mzru1xdsnql1m7nhhfopxuhgoppexoydp490, timestamp: 1599919710069 at line: 24",dmdddddddddd
"session: 1w6mzru1xdsnql1m7nhhfopxuhgoppexoydp490, timestamp: 1599919710069 at line: 25",dmdddddddddd
"session: 9qznklhph1dt1p82j3y149sg321a3jhwb1byfdvr, timestamp: 1600017843649 at line: 24",ddddddmddddd
"session: 1sms2tcrms4o6hm30pr1wln5gk1gapfb3fwt20j, timestamp: 1599866140877 at line: 15",ddddddmddddd
"session: 1sms2tcrms4o6hm30pr1wln5gk1gapfb3fwt20j, timestamp: 1599866654803 at line: 15",ddddddmddddd
"session: 1sms2tcrms4o6hm30pr1wln5gk1gapfb3fwt20j, timestamp: 1599866803611 at line: 15",ddddddmddddd
"session: 1sms2tcrms4o6hm30pr1wln5gk1gapfb3fwt20j, timestamp: 1599866824971 at line: 15",ddddddmddddd
"session: 1sms2tcrms4o6hm30pr1wln5gk1gapfb3fwt20j, timestamp: 1599868161794 at line: 15",ddddddmddddd
"session: ntmt6c1rtn2g1vb7qgfyp5xlsmygw3w1bqk810, timestamp: 1599974813669 at line: 13",ddddddmddddd
"session: qu1wzicflny31hb7tvi7ddwjn19goc8z9awyzr, timestamp: 1599989209590 at line: 17",dddddddddddd
"session: dueepf2v2wex5md9991qkihmvsi3gwnpnklyz, timestamp: 1599879257483 at line: 11",dddddddddddd
"session: 1n9384y1y727891n0bnms1u4s17d1ifnkok1igyrm0, timestamp: 1599965479978 at line: 17",dddddddddddd
"session: yi8b6k1vlvlh71kd7l5612xwlz01yhnvu91r9rjwi, timestamp: 1599937316918 at line: 109",dddddddddddd
"session: bzu46o1enyzrculh31i56w6zt50tl4w1000f7i, timestamp: 1600008039826 at line: 80",dddddddddddd
"session: qu1wzicflny31hb7tvi7ddwjn19goc8z9awyzr, timestamp: 1599989194140 at line: 17",dddddddddddd
"session: 1nu3d2615zno98ywfohu535fqq1svj03y15ye84h, timestamp: 1599936249615 at line: 35",dddddddddddd
"session: 1nu3d2615zno98ywfohu535fqq1svj03y15ye84h, timestamp: 1599938418605 at line: 100",dddddddddddd
"session: 1ho9q6c1qr49pq151b6pnqrj9b61jwbyto1f01eph, timestamp: 1599988199766 at line: 80",dddddddddddd
"session: cuj2ul1r42mgdc4hanv12r2lee1i8ifdgug04ax, timestamp: 1599927887601 at line: 27",dddddddddddd
"session: j1simd1y5jynvyktdkmzcuh6m10fb69m15s0z6j, timestamp: 1599958797196 at line: 14",dddddddddddd
"session: cuj2ul1r42mgdc4hanv12r2lee1i8ifdgug04ax, timestamp: 1599925501609 at line: 27",dddddddddddm
"session: u1g9qgrmmx6tf3bgpcywt5351794yl82b7e1p, timestamp: 1599951115047 at line: 12",mdddddddddmm
"session: cuj2ul1r42mgdc4hanv12r2lee1i8ifdgug04ax, timestamp: 1599927451717 at line: 27",dddddddddddd
"session: 1iqkp7n6jl79k1okizvd13xf01x1gsh10u1jqyyvs, timestamp: 1599943962056 at line: 10",dddddddddddd
"session: 1iqkp7n6jl79k1okizvd13xf01x1gsh10u1jqyyvs, timestamp: 1599943962056 at line: 11",dddddddddddd
"session: 1iqkp7n6jl79k1okizvd13xf01x1gsh10u1jqyyvs, timestamp: 1599944089314 at line: 11",dddddddddddd
"session: 1iqkp7n6jl79k1okizvd13xf01x1gsh10u1jqyyvs, timestamp: 1599944138659 at line: 11",dddddddddddd
"session: 1hvhy7gezhtge1v8e9tx1kvpw1bx52pbg1ggts3a, timestamp: 1599967276162 at line: 12",dddddddddddd
"session: 1w482301o5ydk9hvhuzp1e9xsf5n1qosxxmerv6, timestamp: 1600160431533 at line: 30",mddddddddddm
"session: 16s04hw1e5m4zh1w210ns2ogvfn1upkq6e9mi9j1, timestamp: 1599983035880 at line: 15",dddddddddddd
"session: 1w482301o5ydk9hvhuzp1e9xsf5n1qosxxmerv6, timestamp: 1600155779328 at line: 18",dddddddddddd
"session: 1w482301o5ydk9hvhuzp1e9xsf5n1qosxxmerv6, timestamp: 1600155831318 at line: 18",dddddddddddd
"session: qu1wzicflny31hb7tvi7ddwjn19goc8z9awyzr, timestamp: 1599989253911 at line: 17",dddddddddddd
"session: 1lrajk511xty0t1spe14d1hpin3a1g3udse1767s2i, timestamp: 1599888049912 at line: 15",dddddddddddd
"session: cuj2ul1r42mgdc4hanv12r2lee1i8ifdgug04ax, timestamp: 1599928407785 at line: 28",dddddddddddm
"session: cuj2ul1r42mgdc4hanv12r2lee1i8ifdgug04ax, timestamp: 1599928880666 at line: 33",dddddddddddd
"session: cuj2ul1r42mgdc4hanv12r2lee1i8ifdgug04ax, timestamp: 1599928935381 at line: 33",dddddddddddd
"session: qu1wzicflny31hb7tvi7ddwjn19goc8z9awyzr, timestamp: 1599987458210 at line: 10",dddddddddddd
"session: ujuv8t12wklwh1j5sssf1wpwaju1et3ek1yrx2b3, timestamp: 1599882849535 at line: 24",dddddddddddd
"session: ujuv8t12wklwh1j5sssf1wpwaju1et3ek1yrx2b3, timestamp: 1599882866233 at line: 24",mddddddddmdd
"session: 16s04hw1e5m4zh1w210ns2ogvfn1upkq6e9mi9j1, timestamp: 1599982834612 at line: 77",dddddddddddd
"session: 1fg6uxr48tzo518w2z0o9jlf111qdj1q9ecagbw, timestamp: 1599972026965 at line: 27",mddddddddddm
"session: 1tjtxthxpiv4t18epizuq67oawv55omo1x4lvx1, timestamp: 1599887995421 at line: 9",dddddddddddd
"session: 1tjtxthxpiv4t18epizuq67oawv55omo1x4lvx1, timestamp: 1599888716964 at line: 19",dddddddddddd
"session: egjg1c1ccpn1c13sv8gngkk8a812k60qm6hzmiu, timestamp: 1599892951639 at line: 9",dddddddddddd
"session: 11d2gvs9283pbyh3zbw1kutzf4r9dbfddcrghq, timestamp: 1599900654944 at line: 15",dddddddddddd
"session: cuj2ul1r42mgdc4hanv12r2lee1i8ifdgug04ax, timestamp: 1599924749792 at line: 17",dddddddddddd
"session: m565pe1ald8r11ab6bj71p9pbbsxt12wf18x0fwn, timestamp: 1599926788404 at line: 21",dddddddddddd
"session: 1iqkp7n6jl79k1okizvd13xf01x1gsh10u1jqyyvs, timestamp: 1599943537187 at line: 9",dddddddddddd
"session: 1iqkp7n6jl79k1okizvd13xf01x1gsh10u1jqyyvs, timestamp: 1599943553756 at line: 9",dddddddddddd
"session: 1iqkp7n6jl79k1okizvd13xf01x1gsh10u1jqyyvs, timestamp: 1599943712067 at line: 9",dddddddddddd
"session: 1iqkp7n6jl79k1okizvd13xf01x1gsh10u1jqyyvs, timestamp: 1599943712067 at line: 10",dddddddddddd
"session: 1iqkp7n6jl79k1okizvd13xf01x1gsh10u1jqyyvs, timestamp: 1599943728303 at line: 9",dddddddddddd
"session: 1iqkp7n6jl79k1okizvd13xf01x1gsh10u1jqyyvs, timestamp: 1599943756647 at line: 9",dddddddddddd
"session: 1iqkp7n6jl79k1okizvd13xf01x1gsh10u1jqyyvs, timestamp: 1599943786090 at line: 9",dddddddddddd
"session: 1n9384y1y727891n0bnms1u4s17d1ifnkok1igyrm0, timestamp: 1599964910328 at line: 17",dddddddddddd
"session: 1n9384y1y727891n0bnms1u4s17d1ifnkok1igyrm0, timestamp: 1599964947312 at line: 17",dddddddddddd
"session: qu1wzicflny31hb7tvi7ddwjn19goc8z9awyzr, timestamp: 1599988125166 at line: 15",dddddddddddd
"session: yi8b6k1vlvlh71kd7l5612xwlz01yhnvu91r9rjwi, timestamp: 1599935373057 at line: 81",dddddddddddd
"session: j1simd1y5jynvyktdkmzcuh6m10fb69m15s0z6j, timestamp: 1599959088756 at line: 23",dddddddddddd
"session: j1simd1y5jynvyktdkmzcuh6m10fb69m15s0z6j, timestamp: 1599959273283 at line: 23",dddddddddddd
"session: 1c56whtr6vj6m184tebta6deo52byp29dn9x4q, timestamp: 1599961403802 at line: 19",dddddddddddd
"session: 1d9b83m4rz5362ha99h1yyhm8p87pigk1x39mdp, timestamp: 1599962601460 at line: 10",dddddddddddd
"session: 1c56whtr6vj6m184tebta6deo52byp29dn9x4q, timestamp: 1599962811383 at line: 61",dddddddddddd
"session: 1c56whtr6vj6m184tebta6deo52byp29dn9x4q, timestamp: 1599963332349 at line: 72",dddddddddddd
"session: ntmt6c1rtn2g1vb7qgfyp5xlsmygw3w1bqk810, timestamp: 1599976021652 at line: 24",dddddddddddd
"session: ntmt6c1rtn2g1vb7qgfyp5xlsmygw3w1bqk810, timestamp: 1599976053817 at line: 24",dddddddddddd
"session: ntmt6c1rtn2g1vb7qgfyp5xlsmygw3w1bqk810, timestamp: 1599976221785 at line: 25",dddddddddddd
"session: 16s04hw1e5m4zh1w210ns2ogvfn1upkq6e9mi9j1, timestamp: 1599980669343 at line: 63",dddddddddddd
"session: 1tjtxthxpiv4t18epizuq67oawv55omo1x4lvx1, timestamp: 1599889424968 at line: 24",dddddddddddd
"session: egjg1c1ccpn1c13sv8gngkk8a812k60qm6hzmiu, timestamp: 1599897069712 at line: 21",dddddddddddd
"session: 1qdnezpqiphqhlsrb4ip41deuwcv461wb8ojk, timestamp: 1599941058383 at line: 19",dddddddddddd
"session: tp99zy10youdb1x2bkxr5ui5yq19ksvcb1vac98f, timestamp: 1599960013362 at line: 71",dddddddddddd
"session: 1n9384y1y727891n0bnms1u4s17d1ifnkok1igyrm0, timestamp: 1599965628605 at line: 18",dddddddddddd
"session: 1n9384y1y727891n0bnms1u4s17d1ifnkok1igyrm0, timestamp: 1599965634386 at line: 18",dddddddddddd
"session: 1n9384y1y727891n0bnms1u4s17d1ifnkok1igyrm0, timestamp: 1599965642554 at line: 18",dddddddddddd
"session: 1n9384y1y727891n0bnms1u4s17d1ifnkok1igyrm0, timestamp: 1599965644882 at line: 18",dddddddddddd
"session: 1hvhy7gezhtge1v8e9tx1kvpw1bx52pbg1ggts3a, timestamp: 1599967291221 at line: 12",dddddddddddd
"session: 1hvhy7gezhtge1v8e9tx1kvpw1bx52pbg1ggts3a, timestamp: 1599967304217 at line: 12",dddddddddddd
"session: 19k5w80wurcmz17erzm21okoberhp2u2mvvna3s, timestamp: 1599970475431 at line: 23",dddddddddddd
"session: qu1wzicflny31hb7tvi7ddwjn19goc8z9awyzr, timestamp: 1599987759928 at line: 12",dddddddddddd
"session: d5eb9d6ggm3p1z0f1y71j26csrnc0rxa18cqqet, timestamp: 1599999127727 at line: 44",dddddddddddd
"session: d5eb9d6ggm3p1z0f1y71j26csrnc0rxa18cqqet, timestamp: 1599999194808 at line: 44",dddddddddddd
"session: 1r900pa1dres1gc67cwuq4j00hni4wfgidndg, timestamp: 1600006358511 at line: 46",dddddddddddd
"session: 1sms2tcrms4o6hm30pr1wln5gk1gapfb3fwt20j, timestamp: 1599866403061 at line: 15",dddddddddddd
"session: yeoffw16f3arz1ozxnd511t1mpbwqh74b3t9zkw, timestamp: 1599875920846 at line: 21",dddddddddddd
"session: yeoffw16f3arz1ozxnd511t1mpbwqh74b3t9zkw, timestamp: 1599876156494 at line: 23",dddddddddddd
"session: 1rvhnhz2u31621f4lw45wbdlfj1p5shbu19mcj0c, timestamp: 1599881214834 at line: 39",dmdddddddddd
"session: bf0zq86wrpemmoc7ibhh6ano14n29g51fyj1gj, timestamp: 1599900392904 at line: 10",dddddddddddd
"session: 11d2gvs9283pbyh3zbw1kutzf4r9dbfddcrghq, timestamp: 1599900862989 at line: 15",dddddddddddd
"session: bf0zq86wrpemmoc7ibhh6ano14n29g51fyj1gj, timestamp: 1599901462361 at line: 10",dddddddddddd
"session: bf0zq86wrpemmoc7ibhh6ano14n29g51fyj1gj, timestamp: 1599901503282 at line: 10",dddddddddddd
"session: bf0zq86wrpemmoc7ibhh6ano14n29g51fyj1gj, timestamp: 1599901548373 at line: 10",dddddddddddd
"session: bf0zq86wrpemmoc7ibhh6ano14n29g51fyj1gj, timestamp: 1599902118077 at line: 10",dddddddddddd
"session: bf0zq86wrpemmoc7ibhh6ano14n29g51fyj1gj, timestamp: 1599902302518 at line: 10",dddddddddddd
"session: bf0zq86wrpemmoc7ibhh6ano14n29g51fyj1gj, timestamp: 1599902459521 at line: 10",dddddddddddd
"session: 1nu3d2615zno98ywfohu535fqq1svj03y15ye84h, timestamp: 1599935377770 at line: 10",dddddddddddd
"session: 1nu3d2615zno98ywfohu535fqq1svj03y15ye84h, timestamp: 1599936210216 at line: 35",dddddddddddd
"session: wrb1l1ty80soiiu99o1w0pt149jr0u3jsofxw, timestamp: 1599936430329 at line: 54",dddddddddddd
"session: wrb1l1ty80soiiu99o1w0pt149jr0u3jsofxw, timestamp: 1599936448087 at line: 54",dddddddddddd
"session: 1nu3d2615zno98ywfohu535fqq1svj03y15ye84h, timestamp: 1599936452105 at line: 28",dddddddddddd
"session: 1nu3d2615zno98ywfohu535fqq1svj03y15ye84h, timestamp: 1599938199921 at line: 60",dddddddddddd
"session: j1simd1y5jynvyktdkmzcuh6m10fb69m15s0z6j, timestamp: 1599959177642 at line: 23",dddddddddddd
"session: 1c56whtr6vj6m184tebta6deo52byp29dn9x4q, timestamp: 1599961743869 at line: 32",dddddddddddd
"session: 16s04hw1e5m4zh1w210ns2ogvfn1upkq6e9mi9j1, timestamp: 1599965144577 at line: 9",dddddddddddd
"session: 1li5bapxdfb841jldnxi28oerlayjwzb104akv6, timestamp: 1599967421385 at line: 35",dddddddddddd
"session: 1ho9q6c1qr49pq151b6pnqrj9b61jwbyto1f01eph, timestamp: 1599980587444 at line: 11",dddddddddddd
"session: 16s04hw1e5m4zh1w210ns2ogvfn1upkq6e9mi9j1, timestamp: 1599982815943 at line: 77",dddddddddddd
"session: d5eb9d6ggm3p1z0f1y71j26csrnc0rxa18cqqet, timestamp: 1599999127727 at line: 46",dddddddddddd
"session: d5eb9d6ggm3p1z0f1y71j26csrnc0rxa18cqqet, timestamp: 1599999194808 at line: 46",dddddddddddd
"session: 1ec4n499hhj0n1xstzsx3uy9uz19ocou7pmu74, timestamp: 1600012390406 at line: 10",dddddddddddd
"session: 1ec4n499hhj0n1xstzsx3uy9uz19ocou7pmu74, timestamp: 1600012461019 at line: 10",dddddddddddd
"session: 1ec4n499hhj0n1xstzsx3uy9uz19ocou7pmu74, timestamp: 1600012653786 at line: 10",dddddddddddd
"session: 1sms2tcrms4o6hm30pr1wln5gk1gapfb3fwt20j, timestamp: 1599865366944 at line: 11",ddddddmddddd
"session: 1sms2tcrms4o6hm30pr1wln5gk1gapfb3fwt20j, timestamp: 1599866407451 at line: 15",ddddddmddddd
"session: 1sms2tcrms4o6hm30pr1wln5gk1gapfb3fwt20j, timestamp: 1599866647997 at line: 15",ddddddmddddd
"session: 1sms2tcrms4o6hm30pr1wln5gk1gapfb3fwt20j, timestamp: 1599868153846 at line: 15",ddddddmddddd
"session: 1sms2tcrms4o6hm30pr1wln5gk1gapfb3fwt20j, timestamp: 1599868180714 at line: 15",ddddddmddddd
"session: yeoffw16f3arz1ozxnd511t1mpbwqh74b3t9zkw, timestamp: 1599875010252 at line: 22",dddddddddddd
"session: yeoffw16f3arz1ozxnd511t1mpbwqh74b3t9zkw, timestamp: 1599875198721 at line: 22",dddddddddddd
"session: yeoffw16f3arz1ozxnd511t1mpbwqh74b3t9zkw, timestamp: 1599875240413 at line: 22",dddddddddddd
"session: yeoffw16f3arz1ozxnd511t1mpbwqh74b3t9zkw, timestamp: 1599875946675 at line: 23",dddddddddddd
"session: yeoffw16f3arz1ozxnd511t1mpbwqh74b3t9zkw, timestamp: 1599876169948 at line: 23",dddddddddddd
"session: yeoffw16f3arz1ozxnd511t1mpbwqh74b3t9zkw, timestamp: 1599876179399 at line: 23",dddddddddddd
"session: 1rvhnhz2u31621f4lw45wbdlfj1p5shbu19mcj0c, timestamp: 1599878682894 at line: 38",dddddddddddd
"session: ujuv8t12wklwh1j5sssf1wpwaju1et3ek1yrx2b3, timestamp: 1599881349689 at line: 11",dddddddddddd
"session: 1jzsqfj1hbifoyakmqi31ea4tc81j2fin517dswsf, timestamp: 1599884854618 at line: 17",dddddddddddd
"session: 1lrajk511xty0t1spe14d1hpin3a1g3udse1767s2i, timestamp: 1599886490652 at line: 25",dddddddddddd
"session: 1lrajk511xty0t1spe14d1hpin3a1g3udse1767s2i, timestamp: 1599888031442 at line: 15",dddddddddddd
"session: 1lrajk511xty0t1spe14d1hpin3a1g3udse1767s2i, timestamp: 1599888060304 at line: 15",dddddddddddd
"session: 1lrajk511xty0t1spe14d1hpin3a1g3udse1767s2i, timestamp: 1599888066624 at line: 20",ddddddddddmm
"session: 1lrajk511xty0t1spe14d1hpin3a1g3udse1767s2i, timestamp: 1599888066624 at line: 15",dddddddddddd
"session: 1lrajk511xty0t1spe14d1hpin3a1g3udse1767s2i, timestamp: 1599888074026 at line: 15",dddddddddddd
"session: 1jzsqfj1hbifoyakmqi31ea4tc81j2fin517dswsf, timestamp: 1599888603740 at line: 17",dddddddddddd
"session: 1jzsqfj1hbifoyakmqi31ea4tc81j2fin517dswsf, timestamp: 1599888611046 at line: 17",dddddddddddd
"session: 1w6mzru1xdsnql1m7nhhfopxuhgoppexoydp490, timestamp: 1599891808153 at line: 10",ddddddmddddd
"session: 1w6mzru1xdsnql1m7nhhfopxuhgoppexoydp490, timestamp: 1599892051501 at line: 10",ddddddmddddd
"session: 1w6mzru1xdsnql1m7nhhfopxuhgoppexoydp490, timestamp: 1599892214840 at line: 11",ddddddmddddd
"session: bf0zq86wrpemmoc7ibhh6ano14n29g51fyj1gj, timestamp: 1599898782167 at line: 10",dddddddddddd
"session: bf0zq86wrpemmoc7ibhh6ano14n29g51fyj1gj, timestamp: 1599898874822 at line: 10",dddddddddddd
"session: bf0zq86wrpemmoc7ibhh6ano14n29g51fyj1gj, timestamp: 1599899029047 at line: 10",dddddddddddd
"session: bf0zq86wrpemmoc7ibhh6ano14n29g51fyj1gj, timestamp: 1599899311065 at line: 10",dddddddddddd
"session: bf0zq86wrpemmoc7ibhh6ano14n29g51fyj1gj, timestamp: 1599899402401 at line: 10",dddddddddddd
"session: bf0zq86wrpemmoc7ibhh6ano14n29g51fyj1gj, timestamp: 1599899458509 at line: 10",dddddddddddd
"session: bf0zq86wrpemmoc7ibhh6ano14n29g51fyj1gj, timestamp: 1599899546990 at line: 10",dddddddddddd
"session: bf0zq86wrpemmoc7ibhh6ano14n29g51fyj1gj, timestamp: 1599899568751 at line: 10",dddddddddddd
"session: bf0zq86wrpemmoc7ibhh6ano14n29g51fyj1gj, timestamp: 1599899902940 at line: 10",dddddddddddd
"session: bf0zq86wrpemmoc7ibhh6ano14n29g51fyj1gj, timestamp: 1599899918668 at line: 10",dddddddddddd
"session: bf0zq86wrpemmoc7ibhh6ano14n29g51fyj1gj, timestamp: 1599899957337 at line: 10",dddddddddddd
"session: bf0zq86wrpemmoc7ibhh6ano14n29g51fyj1gj, timestamp: 1599900078949 at line: 10",dddddddddddd
"session: bf0zq86wrpemmoc7ibhh6ano14n29g51fyj1gj, timestamp: 1599900098297 at line: 10",dddddddddddd
"session: bf0zq86wrpemmoc7ibhh6ano14n29g51fyj1gj, timestamp: 1599900366526 at line: 10",dddddddddddd
"session: bf0zq86wrpemmoc7ibhh6ano14n29g51fyj1gj, timestamp: 1599900419580 at line: 10",dddddddddddd
"session: bf0zq86wrpemmoc7ibhh6ano14n29g51fyj1gj, timestamp: 1599900463253 at line: 10",dddddddddddd
"session: 11d2gvs9283pbyh3zbw1kutzf4r9dbfddcrghq, timestamp: 1599900596073 at line: 15",dddddddddddd
"session: bf0zq86wrpemmoc7ibhh6ano14n29g51fyj1gj, timestamp: 1599901067670 at line: 10",dddddddddddd
"session: bf0zq86wrpemmoc7ibhh6ano14n29g51fyj1gj, timestamp: 1599901693088 at line: 10",dddddddddddd
"session: bf0zq86wrpemmoc7ibhh6ano14n29g51fyj1gj, timestamp: 1599901990376 at line: 10",dddddddddddd
"session: bf0zq86wrpemmoc7ibhh6ano14n29g51fyj1gj, timestamp: 1599902518868 at line: 10",dddddddddddd
"session: bf0zq86wrpemmoc7ibhh6ano14n29g51fyj1gj, timestamp: 1599903052363 at line: 14",dddddddddddd
"session: bf0zq86wrpemmoc7ibhh6ano14n29g51fyj1gj, timestamp: 1599903105566 at line: 14",dddddddddddd
"session: bf0zq86wrpemmoc7ibhh6ano14n29g51fyj1gj, timestamp: 1599903726138 at line: 25",ddddddmddddd
"session: 1w6mzru1xdsnql1m7nhhfopxuhgoppexoydp490, timestamp: 1599918744514 at line: 23",dmdddddddddd
"session: 1w6mzru1xdsnql1m7nhhfopxuhgoppexoydp490, timestamp: 1599918744514 at line: 24",dmdddddddddd
"session: 1w6mzru1xdsnql1m7nhhfopxuhgoppexoydp490, timestamp: 1599918744514 at line: 30",dddddddddddd
"session: 1w6mzru1xdsnql1m7nhhfopxuhgoppexoydp490, timestamp: 1599918744514 at line: 25",dmdddddddddd
"session: 1w6mzru1xdsnql1m7nhhfopxuhgoppexoydp490, timestamp: 1599918770358 at line: 23",dmdddddddddd
"session: 1w6mzru1xdsnql1m7nhhfopxuhgoppexoydp490, timestamp: 1599918770358 at line: 24",dmdddddddddd
"session: 1w6mzru1xdsnql1m7nhhfopxuhgoppexoydp490, timestamp: 1599918770358 at line: 25",dmdddddddddd
"session: 1w6mzru1xdsnql1m7nhhfopxuhgoppexoydp490, timestamp: 1599919459677 at line: 23",dmdddddddddd
"session: 1w6mzru1xdsnql1m7nhhfopxuhgoppexoydp490, timestamp: 1599919459677 at line: 24",dmdddddddddd
"session: 1w6mzru1xdsnql1m7nhhfopxuhgoppexoydp490, timestamp: 1599919459677 at line: 25",dmdddddddddd
"session: 1w6mzru1xdsnql1m7nhhfopxuhgoppexoydp490, timestamp: 1599919644731 at line: 23",dmdddddddddd
"session: 1w6mzru1xdsnql1m7nhhfopxuhgoppexoydp490, timestamp: 1599919644731 at line: 24",dmdddddddddd
"session: 1w6mzru1xdsnql1m7nhhfopxuhgoppexoydp490, timestamp: 1599919644731 at line: 25",dmdddddddddd
"session: 1w6mzru1xdsnql1m7nhhfopxuhgoppexoydp490, timestamp: 1599919728949 at line: 23",dmdddddddddd
"session: 1w6mzru1xdsnql1m7nhhfopxuhgoppexoydp490, timestamp: 1599919728949 at line: 24",dmdddddddddd
"session: 1w6mzru1xdsnql1m7nhhfopxuhgoppexoydp490, timestamp: 1599919728949 at line: 25",dmdddddddddd
"session: 1w6mzru1xdsnql1m7nhhfopxuhgoppexoydp490, timestamp: 1599919740811 at line: 23",dmdddddddddd
"session: 1w6mzru1xdsnql1m7nhhfopxuhgoppexoydp490, timestamp: 1599919740811 at line: 24",dmdddddddddd
"session: 1w6mzru1xdsnql1m7nhhfopxuhgoppexoydp490, timestamp: 1599919740811 at line: 25",dmdddddddddd
"session: 1w6mzru1xdsnql1m7nhhfopxuhgoppexoydp490, timestamp: 1599920027195 at line: 23",dmdddddddddd
"session: 1w6mzru1xdsnql1m7nhhfopxuhgoppexoydp490, timestamp: 1599920027195 at line: 24",dmdddddddddd
"session: 1w6mzru1xdsnql1m7nhhfopxuhgoppexoydp490, timestamp: 1599920027195 at line: 25",dmdddddddddd
"session: 1w6mzru1xdsnql1m7nhhfopxuhgoppexoydp490, timestamp: 1599920173615 at line: 23",dmdddddddddd
"session: 1w6mzru1xdsnql1m7nhhfopxuhgoppexoydp490, timestamp: 1599920173615 at line: 24",dmdddddddddd
"session: 1w6mzru1xdsnql1m7nhhfopxuhgoppexoydp490, timestamp: 1599920173615 at line: 25",dmdddddddddd
"session: 1w6mzru1xdsnql1m7nhhfopxuhgoppexoydp490, timestamp: 1599920255000 at line: 26",dmdddddddddd
"session: 1w6mzru1xdsnql1m7nhhfopxuhgoppexoydp490, timestamp: 1599920255000 at line: 27",dmdddddddddd
"session: 1w6mzru1xdsnql1m7nhhfopxuhgoppexoydp490, timestamp: 1599920255000 at line: 23",dmdddddddddd
"session: 1w6mzru1xdsnql1m7nhhfopxuhgoppexoydp490, timestamp: 1599920395679 at line: 26",dmdddddddddd
"session: 1w6mzru1xdsnql1m7nhhfopxuhgoppexoydp490, timestamp: 1599920395679 at line: 28",dmdddddddddd
"session: 1w6mzru1xdsnql1m7nhhfopxuhgoppexoydp490, timestamp: 1599920395679 at line: 23",dmdddddddddd
"session: 1w6mzru1xdsnql1m7nhhfopxuhgoppexoydp490, timestamp: 1599920457078 at line: 23",dmdddddddddd
"session: 1w6mzru1xdsnql1m7nhhfopxuhgoppexoydp490, timestamp: 1599920457078 at line: 24",dmdddddddddd
"session: 1w6mzru1xdsnql1m7nhhfopxuhgoppexoydp490, timestamp: 1599920457078 at line: 25",dmdddddddddd
"session: cuj2ul1r42mgdc4hanv12r2lee1i8ifdgug04ax, timestamp: 1599924534063 at line: 17",dddddddddddd
"session: cuj2ul1r42mgdc4hanv12r2lee1i8ifdgug04ax, timestamp: 1599924572040 at line: 17",dddddddddddd
"session: cuj2ul1r42mgdc4hanv12r2lee1i8ifdgug04ax, timestamp: 1599925486158 at line: 27",dddddddddddm
"session: m565pe1ald8r11ab6bj71p9pbbsxt12wf18x0fwn, timestamp: 1599926604446 at line: 15",ddddddmddddd
"session: m565pe1ald8r11ab6bj71p9pbbsxt12wf18x0fwn, timestamp: 1599926774336 at line: 21",dddddddddddd
"session: cuj2ul1r42mgdc4hanv12r2lee1i8ifdgug04ax, timestamp: 1599928103166 at line: 27",dddddddddddm
"session: cuj2ul1r42mgdc4hanv12r2lee1i8ifdgug04ax, timestamp: 1599928138026 at line: 27",dddddddddddm
"session: cuj2ul1r42mgdc4hanv12r2lee1i8ifdgug04ax, timestamp: 1599928228025 at line: 27",dddddddddddm
"session: cuj2ul1r42mgdc4hanv12r2lee1i8ifdgug04ax, timestamp: 1599928972213 at line: 33",dddddddddddd
"session: cuj2ul1r42mgdc4hanv12r2lee1i8ifdgug04ax, timestamp: 1599929339694 at line: 36",dddddddddddd
"session: yi8b6k1vlvlh71kd7l5612xwlz01yhnvu91r9rjwi, timestamp: 1599932664166 at line: 79",dddddddddddd
"session: yi8b6k1vlvlh71kd7l5612xwlz01yhnvu91r9rjwi, timestamp: 1599933119242 at line: 22",mdddddddddmm
"session: wrb1l1ty80soiiu99o1w0pt149jr0u3jsofxw, timestamp: 1599936001762 at line: 40",ddddddmddddd
"session: yi8b6k1vlvlh71kd7l5612xwlz01yhnvu91r9rjwi, timestamp: 1599936024673 at line: 88",dddddddddddd
"session: 1nu3d2615zno98ywfohu535fqq1svj03y15ye84h, timestamp: 1599936108886 at line: 35",ddddddmddddd
"session: yi8b6k1vlvlh71kd7l5612xwlz01yhnvu91r9rjwi, timestamp: 1599936226465 at line: 90",dddddddddddd
"session: yi8b6k1vlvlh71kd7l5612xwlz01yhnvu91r9rjwi, timestamp: 1599936390433 at line: 90",dddddddddddd
"session: yi8b6k1vlvlh71kd7l5612xwlz01yhnvu91r9rjwi, timestamp: 1599936811460 at line: 88",dddddddddddd
"session: 1nu3d2615zno98ywfohu535fqq1svj03y15ye84h, timestamp: 1599938212151 at line: 60",dddddddddddd
"session: 1nu3d2615zno98ywfohu535fqq1svj03y15ye84h, timestamp: 1599938225993 at line: 60",dddddddddddd
"session: 1w6mzru1xdsnql1m7nhhfopxuhgoppexoydp490, timestamp: 1599939850171 at line: 37",dddddddddddd
"session: 1w6mzru1xdsnql1m7nhhfopxuhgoppexoydp490, timestamp: 1599939850171 at line: 38",dddddddddddd
"session: 1w6mzru1xdsnql1m7nhhfopxuhgoppexoydp490, timestamp: 1599940736373 at line: 37",dddddddddddd
"session: 1w6mzru1xdsnql1m7nhhfopxuhgoppexoydp490, timestamp: 1599940736373 at line: 38",dddddddddddd
"session: 1w6mzru1xdsnql1m7nhhfopxuhgoppexoydp490, timestamp: 1599940736373 at line: 49",dddddddddddd
"session: 1w6mzru1xdsnql1m7nhhfopxuhgoppexoydp490, timestamp: 1599940874397 at line: 37",dddddddddddd
"session: 1w6mzru1xdsnql1m7nhhfopxuhgoppexoydp490, timestamp: 1599940874397 at line: 38",dddddddddddd
"session: 1w6mzru1xdsnql1m7nhhfopxuhgoppexoydp490, timestamp: 1599940874397 at line: 49",dddddddddddd
"session: 1w6mzru1xdsnql1m7nhhfopxuhgoppexoydp490, timestamp: 1599940987805 at line: 37",dddddddddddd
"session: 1w6mzru1xdsnql1m7nhhfopxuhgoppexoydp490, timestamp: 1599940987805 at line: 38",dddddddddddd
"session: 1w6mzru1xdsnql1m7nhhfopxuhgoppexoydp490, timestamp: 1599940987805 at line: 49",dddddddddddd
"session: 1w6mzru1xdsnql1m7nhhfopxuhgoppexoydp490, timestamp: 1599941026799 at line: 37",dddddddddddd
"session: 1w6mzru1xdsnql1m7nhhfopxuhgoppexoydp490, timestamp: 1599941026799 at line: 38",dddddddddddd
"session: 1w6mzru1xdsnql1m7nhhfopxuhgoppexoydp490, timestamp: 1599941026799 at line: 49",dddddddddddd
"session: 1w6mzru1xdsnql1m7nhhfopxuhgoppexoydp490, timestamp: 1599941147024 at line: 51",dddddddddddd
"session: 1w6mzru1xdsnql1m7nhhfopxuhgoppexoydp490, timestamp: 1599941326546 at line: 51",dddddddddddd
"session: 1w6mzru1xdsnql1m7nhhfopxuhgoppexoydp490, timestamp: 1599941447445 at line: 51",dddddddddddd
"session: ihrh8jbqaj613qq0q312adwrc1ctj7t91f1wr9v, timestamp: 1599942440922 at line: 62",dddddddddddd
"session: 1iqkp7n6jl79k1okizvd13xf01x1gsh10u1jqyyvs, timestamp: 1599943777158 at line: 9",dddddddddddd
"session: 1ho4hhc16iancx1kn347n2fburd1sy2cjfz2o557, timestamp: 1599953768027 at line: 20",dddddddddddd
"session: tp99zy10youdb1x2bkxr5ui5yq19ksvcb1vac98f, timestamp: 1599956146661 at line: 17",ddddddddddmm
"session: tp99zy10youdb1x2bkxr5ui5yq19ksvcb1vac98f, timestamp: 1599958775244 at line: 60",dddddddddddd
"session: tp99zy10youdb1x2bkxr5ui5yq19ksvcb1vac98f, timestamp: 1599958775244 at line: 38",ddddddddddmm
"session: tp99zy10youdb1x2bkxr5ui5yq19ksvcb1vac98f, timestamp: 1599958804051 at line: 60",dddddddddddd
"session: tp99zy10youdb1x2bkxr5ui5yq19ksvcb1vac98f, timestamp: 1599958804051 at line: 38",ddddddddddmm
"session: tp99zy10youdb1x2bkxr5ui5yq19ksvcb1vac98f, timestamp: 1599958825304 at line: 38",ddddddddddmm
"session: tp99zy10youdb1x2bkxr5ui5yq19ksvcb1vac98f, timestamp: 1599958853680 at line: 49",dddddddddddd
"session: tp99zy10youdb1x2bkxr5ui5yq19ksvcb1vac98f, timestamp: 1599958853680 at line: 52",dddddddddddd
"session: tp99zy10youdb1x2bkxr5ui5yq19ksvcb1vac98f, timestamp: 1599958853680 at line: 36",ddddddddddmm
"session: tp99zy10youdb1x2bkxr5ui5yq19ksvcb1vac98f, timestamp: 1599958853680 at line: 51",dddddddddddd
"session: tp99zy10youdb1x2bkxr5ui5yq19ksvcb1vac98f, timestamp: 1599958853680 at line: 38",ddddddddddmm
"session: tp99zy10youdb1x2bkxr5ui5yq19ksvcb1vac98f, timestamp: 1599958853680 at line: 37",ddddddddddmm
"session: tp99zy10youdb1x2bkxr5ui5yq19ksvcb1vac98f, timestamp: 1599958853680 at line: 50",dddddddddddd
"session: tp99zy10youdb1x2bkxr5ui5yq19ksvcb1vac98f, timestamp: 1599958853680 at line: 56",dddddddddddd
"session: tp99zy10youdb1x2bkxr5ui5yq19ksvcb1vac98f, timestamp: 1599958932010 at line: 38",ddddddddddmm
"session: tp99zy10youdb1x2bkxr5ui5yq19ksvcb1vac98f, timestamp: 1599959329379 at line: 35",dddddddddddm
"session: tp99zy10youdb1x2bkxr5ui5yq19ksvcb1vac98f, timestamp: 1599959404083 at line: 36",dddddddddddd
"session: tp99zy10youdb1x2bkxr5ui5yq19ksvcb1vac98f, timestamp: 1599959511483 at line: 36",dddddddddddd
"session: tp99zy10youdb1x2bkxr5ui5yq19ksvcb1vac98f, timestamp: 1599959524097 at line: 62",mddddddddddd
"session: tp99zy10youdb1x2bkxr5ui5yq19ksvcb1vac98f, timestamp: 1599959524097 at line: 58",mddddddddddd
"session: tp99zy10youdb1x2bkxr5ui5yq19ksvcb1vac98f, timestamp: 1599959524097 at line: 36",dddddddddddd
"session: tp99zy10youdb1x2bkxr5ui5yq19ksvcb1vac98f, timestamp: 1599959524097 at line: 55",mddddddddddd
"session: tp99zy10youdb1x2bkxr5ui5yq19ksvcb1vac98f, timestamp: 1599959524097 at line: 57",mddddddddddd
"session: tp99zy10youdb1x2bkxr5ui5yq19ksvcb1vac98f, timestamp: 1599959524097 at line: 56",mddddddddddd
"session: tp99zy10youdb1x2bkxr5ui5yq19ksvcb1vac98f, timestamp: 1599959824172 at line: 36",dddddddddddd
"session: tp99zy10youdb1x2bkxr5ui5yq19ksvcb1vac98f, timestamp: 1599960921444 at line: 88",dddddddddddd
"session: tp99zy10youdb1x2bkxr5ui5yq19ksvcb1vac98f, timestamp: 1599960921444 at line: 83",dddddddddddd
"session: tp99zy10youdb1x2bkxr5ui5yq19ksvcb1vac98f, timestamp: 1599961642743 at line: 95",dddmdddddddm
"session: tp99zy10youdb1x2bkxr5ui5yq19ksvcb1vac98f, timestamp: 1599961642743 at line: 96",dddmdddddddm
"session: 1c56whtr6vj6m184tebta6deo52byp29dn9x4q, timestamp: 1599961834754 at line: 32",ddddddmddddd
"session: 1c56whtr6vj6m184tebta6deo52byp29dn9x4q, timestamp: 1599962112440 at line: 50",dddddddddddd
"session: 1c56whtr6vj6m184tebta6deo52byp29dn9x4q, timestamp: 1599962776978 at line: 61",mddddddddddm
"session: s9genr12wa8cp2reibg59evp31bq3by3ko8xzv, timestamp: 1599963272222 at line: 10",dddddddddddd
"session: 1c56whtr6vj6m184tebta6deo52byp29dn9x4q, timestamp: 1599963430372 at line: 75",dddddddddddd
"session: 1c56whtr6vj6m184tebta6deo52byp29dn9x4q, timestamp: 1599963567238 at line: 75",dddddddddddd
"session: m565pe1ald8r11ab6bj71p9pbbsxt12wf18x0fwn, timestamp: 1599964314342 at line: 38",dddddddddddd
"session: 1n9384y1y727891n0bnms1u4s17d1ifnkok1igyrm0, timestamp: 1599964882651 at line: 17",dddddddddddd
"session: 1n9384y1y727891n0bnms1u4s17d1ifnkok1igyrm0, timestamp: 1599965686736 at line: 18",dddddddddddd
"session: 1n9384y1y727891n0bnms1u4s17d1ifnkok1igyrm0, timestamp: 1599965693511 at line: 18",dddddddddddd
"session: 1aat5rk15ajl4v1bbpgx2128z5k81n2xzrn14jilvw, timestamp: 1599966546118 at line: 10",dddddddddddd
"session: 1aat5rk15ajl4v1bbpgx2128z5k81n2xzrn14jilvw, timestamp: 1599966566833 at line: 10",dddddddddddd
"session: 1aat5rk15ajl4v1bbpgx2128z5k81n2xzrn14jilvw, timestamp: 1599966766193 at line: 42",dddddddddddd
"session: ntmt6c1rtn2g1vb7qgfyp5xlsmygw3w1bqk810, timestamp: 1599974518684 at line: 11",dddddddddddd
"session: ntmt6c1rtn2g1vb7qgfyp5xlsmygw3w1bqk810, timestamp: 1599975687651 at line: 22",dddddddddddd
"session: ntmt6c1rtn2g1vb7qgfyp5xlsmygw3w1bqk810, timestamp: 1599975933824 at line: 15",dddddddddddd
"session: ntmt6c1rtn2g1vb7qgfyp5xlsmygw3w1bqk810, timestamp: 1599975933824 at line: 24",mddmdddddddm
"session: ntmt6c1rtn2g1vb7qgfyp5xlsmygw3w1bqk810, timestamp: 1599975933824 at line: 13",dddddddddddd
"session: ntmt6c1rtn2g1vb7qgfyp5xlsmygw3w1bqk810, timestamp: 1599975965904 at line: 24",mddmdddddddm
"session: ntmt6c1rtn2g1vb7qgfyp5xlsmygw3w1bqk810, timestamp: 1599976182786 at line: 25",dddddddddddd
"session: 16s04hw1e5m4zh1w210ns2ogvfn1upkq6e9mi9j1, timestamp: 1599980620333 at line: 63",dddddddddddd
"session: 1ho9q6c1qr49pq151b6pnqrj9b61jwbyto1f01eph, timestamp: 1599981847728 at line: 43",dddddddddddd
"session: qu1wzicflny31hb7tvi7ddwjn19goc8z9awyzr, timestamp: 1599988088089 at line: 15",dddddddddddd
"session: qu1wzicflny31hb7tvi7ddwjn19goc8z9awyzr, timestamp: 1599988173550 at line: 15",dddddddddddd
"session: qu1wzicflny31hb7tvi7ddwjn19goc8z9awyzr, timestamp: 1599988188501 at line: 15",dddddddddddd
"session: 1ho9q6c1qr49pq151b6pnqrj9b61jwbyto1f01eph, timestamp: 1599988223160 at line: 80",dddddddddddd
"session: qu1wzicflny31hb7tvi7ddwjn19goc8z9awyzr, timestamp: 1599988554053 at line: 16",dddddddddddd
"session: 1ho9q6c1qr49pq151b6pnqrj9b61jwbyto1f01eph, timestamp: 1599988588863 at line: 147",dddddddddddd
"session: 1ho9q6c1qr49pq151b6pnqrj9b61jwbyto1f01eph, timestamp: 1599988588863 at line: 142",dddddddddddd
"session: qu1wzicflny31hb7tvi7ddwjn19goc8z9awyzr, timestamp: 1599989242295 at line: 17",dddddddddddd
"session: y9foih1t8hdz219ed20914uhjk1da6mdpjbp1g8, timestamp: 1600000641073 at line: 170",dddddddddddd
"session: y9foih1t8hdz219ed20914uhjk1da6mdpjbp1g8, timestamp: 1600000830979 at line: 172",dddddddddddd
"session: y9foih1t8hdz219ed20914uhjk1da6mdpjbp1g8, timestamp: 1600002159639 at line: 177",dddddddddddd
"session: y9foih1t8hdz219ed20914uhjk1da6mdpjbp1g8, timestamp: 1600002159639 at line: 183",dddddddddddd
"session: y9foih1t8hdz219ed20914uhjk1da6mdpjbp1g8, timestamp: 1600002207661 at line: 177",dddddddddddd
"session: y9foih1t8hdz219ed20914uhjk1da6mdpjbp1g8, timestamp: 1600002207661 at line: 169",dddddddddddd
"session: y9foih1t8hdz219ed20914uhjk1da6mdpjbp1g8, timestamp: 1600002207661 at line: 183",dddddddddddd
"session: y9foih1t8hdz219ed20914uhjk1da6mdpjbp1g8, timestamp: 1600002282083 at line: 177",dddddddddddd
"session: y9foih1t8hdz219ed20914uhjk1da6mdpjbp1g8, timestamp: 1600002282083 at line: 183",dddddddddddd
"session: bzu46o1enyzrculh31i56w6zt50tl4w1000f7i, timestamp: 1600006404766 at line: 192",dddddddddddd
"session: bzu46o1enyzrculh31i56w6zt50tl4w1000f7i, timestamp: 1600006438998 at line: 192",dddddddddddd
"session: 66kuqi1eysqabj9ndq61fe7s4j1nx6cr11wljnhh, timestamp: 1600018186416 at line: 129",dddddddddddd
"session: 66kuqi1eysqabj9ndq61fe7s4j1nx6cr11wljnhh, timestamp: 1600018186416 at line: 137",dddddddddddd
"session: 66kuqi1eysqabj9ndq61fe7s4j1nx6cr11wljnhh, timestamp: 1600018186416 at line: 111",dddddddddddd
"session: 66kuqi1eysqabj9ndq61fe7s4j1nx6cr11wljnhh, timestamp: 1600018334876 at line: 106",dddddddddddd
"session: 66kuqi1eysqabj9ndq61fe7s4j1nx6cr11wljnhh, timestamp: 1600018334876 at line: 124",dddddddddddd
"session: 66kuqi1eysqabj9ndq61fe7s4j1nx6cr11wljnhh, timestamp: 1600018334876 at line: 132",dddddddddddd
"session: 66kuqi1eysqabj9ndq61fe7s4j1nx6cr11wljnhh, timestamp: 1600018487021 at line: 122",dddddddddddd
"session: 66kuqi1eysqabj9ndq61fe7s4j1nx6cr11wljnhh, timestamp: 1600018487021 at line: 114",dddddddddddd
"session: 66kuqi1eysqabj9ndq61fe7s4j1nx6cr11wljnhh, timestamp: 1600018628553 at line: 122",dddddddddddd
